#I,K_I,K_F,T_KF,Q_inf,Q_1,IK1F,IK2F,IK3F
21942.0,1.4444444444444444,2.0,6.699422222222222,1.0,1.0,14584.0,7358.0,0.0
0.0,0.0,0.0,0.0,0.0,0.0,0.0,0.0,0.0
