#I,K_I,K_F,T_KF,Q_inf,Q_1,IK1F,IK2F,IK3F
16110.0,1.1666666666666667,2.0,7.119016666666667,1.0,1.0,12091.0,4019.0,0.0
0.0,0.0,0.0,0.0,0.0,0.0,0.0,0.0,0.0
