#I,K_I,K_F,T_KF,Q_inf,Q_1,IK1F,IK2F,IK3F
20451.0,1.5555555555555556,2.0,5.5812333333333335,1.0,1.0,17408.0,3043.0,0.0
0.0,0.0,0.0,0.0,0.0,0.0,0.0,0.0,0.0
