#I,K_I,K_F,T_KF,Q_inf,Q_1,IK1F,IK2F,IK3F
25506.0,1.4444444444444444,2.0,14.097022222222224,1.0,1.0,14090.0,11416.0,0.0
0.0,0.0,0.0,0.0,0.0,0.0,0.0,0.0,0.0
