#I,K_I,K_F,T_KF,Q_inf,Q_1,IK1F,IK2F,IK3F
18706.0,1.3333333333333333,2.0,9.906166666666667,1.0,1.0,11233.0,7473.0,0.0
0.0,0.0,0.0,0.0,0.0,0.0,0.0,0.0,0.0
