#I,K_I,K_F,T_KF,Q_inf,Q_1,IK1F,IK2F,IK3F
15638.0,1.2857142857142858,2.0,4.586842857142857,1.0,1.0,12892.0,2746.0,0.0
0.0,0.0,0.0,0.0,0.0,0.0,0.0,0.0,0.0
