#I,K_I,K_F,T_KF,Q_inf,Q_1,IK1F,IK2F,IK3F
22165.0,1.2222222222222223,2.0,7.906066666666667,1.0,1.0,10510.0,11655.0,0.0
0.0,0.0,0.0,0.0,0.0,0.0,0.0,0.0,0.0
