#I,K_I,K_F,T_KF,Q_inf,Q_1,IK1F,IK2F,IK3F
22838.0,1.2857142857142858,2.0,5.981642857142857,1.0,1.0,10886.0,11952.0,0.0
0.0,0.0,0.0,0.0,0.0,0.0,0.0,0.0,0.0
