#I,K_I,K_F,T_KF,Q_inf,Q_1,IK1F,IK2F,IK3F
15789.0,1.1666666666666667,2.0,13.262300000000002,1.0,1.0,7485.0,8304.0,0.0
0.0,0.0,0.0,0.0,0.0,0.0,0.0,0.0,0.0
