#I,K_I,K_F,T_KF,Q_inf,Q_1,IK1F,IK2F,IK3F
23570.0,1.4285714285714286,2.0,7.645857142857143,1.0,1.0,14028.0,9542.0,0.0
0.0,0.0,0.0,0.0,0.0,0.0,0.0,0.0,0.0
