#I,K_I,K_F,T_KF,Q_inf,Q_1,IK1F,IK2F,IK3F
22303.0,1.3333333333333333,2.0,8.780855555555554,1.0,1.0,10888.0,11415.0,0.0
0.0,0.0,0.0,0.0,0.0,0.0,0.0,0.0,0.0
