#I,K_I,K_F,T_KF,Q_inf,Q_1,IK1F,IK2F,IK3F
25429.0,1.3333333333333333,2.0,4.083366666666667,1.0,1.0,13877.0,11552.0,0.0
0.0,0.0,0.0,0.0,0.0,0.0,0.0,0.0,0.0
