#I,K_I,K_F,T_KF,Q_inf,Q_1,IK1F,IK2F,IK3F
15834.0,1.4285714285714286,2.0,5.589057142857143,1.0,1.0,13316.0,2518.0,0.0
0.0,0.0,0.0,0.0,0.0,0.0,0.0,0.0,0.0
