#I,K_I,K_F,T_KF,Q_inf,Q_1,IK1F,IK2F,IK3F
25523.0,1.2222222222222223,2.0,6.472555555555555,1.0,1.0,14754.0,10769.0,0.0
0.0,0.0,0.0,0.0,0.0,0.0,0.0,0.0,0.0
