#I,K_I,K_F,T_KF,Q_inf,Q_1,IK1F,IK2F,IK3F
22611.0,1.4444444444444444,2.0,9.065155555555556,1.0,1.0,13541.0,9070.0,0.0
0.0,0.0,0.0,0.0,0.0,0.0,0.0,0.0,0.0
