#I,K_I,K_F,T_KF,Q_inf,Q_1,IK1F,IK2F,IK3F
26436.0,1.3333333333333333,2.0,7.7600444444444445,1.0,1.0,14346.0,12090.0,0.0
0.0,0.0,0.0,0.0,0.0,0.0,0.0,0.0,0.0
