#I,K_I,K_F,T_KF,Q_inf,Q_1,IK1F,IK2F,IK3F
21918.0,1.2857142857142858,2.0,7.864871428571429,1.0,1.0,13094.0,8824.0,0.0
0.0,0.0,0.0,0.0,0.0,0.0,0.0,0.0,0.0
