#I,K_I,K_F,T_KF,Q_inf,Q_1,IK1F,IK2F,IK3F
24873.0,1.1111111111111112,2.0,5.536277777777778,1.0,1.0,14440.0,10433.0,0.0
0.0,0.0,0.0,0.0,0.0,0.0,0.0,0.0,0.0
