#I,K_I,K_F,T_KF,Q_inf,Q_1,IK1F,IK2F,IK3F
16361.0,1.3333333333333333,2.0,19.831599999999998,1.0,1.0,12409.0,3952.0,0.0
0.0,0.0,0.0,0.0,0.0,0.0,0.0,0.0,0.0
