#I,K_I,K_F,T_KF,Q_inf,Q_1,IK1F,IK2F,IK3F
27152.0,1.3333333333333333,2.0,7.240677777777778,1.0,1.0,15720.0,11432.0,0.0
0.0,0.0,0.0,0.0,0.0,0.0,0.0,0.0,0.0
