#I,K_I,K_F,T_KF,Q_inf,Q_1,IK1F,IK2F,IK3F
17302.0,1.3333333333333333,2.0,12.199950000000001,1.0,1.0,12931.0,4371.0,0.0
0.0,0.0,0.0,0.0,0.0,0.0,0.0,0.0,0.0
