#I,K_I,K_F,T_KF,Q_inf,Q_1,IK1F,IK2F,IK3F
15972.0,1.1666666666666667,2.0,4.074933333333333,1.0,1.0,13346.0,2626.0,0.0
0.0,0.0,0.0,0.0,0.0,0.0,0.0,0.0,0.0
