#I,K_I,K_F,T_KF,Q_inf,Q_1,IK1F,IK2F,IK3F
27362.0,1.3333333333333333,2.0,6.078488888888889,1.0,1.0,13006.0,14356.0,0.0
0.0,0.0,0.0,0.0,0.0,0.0,0.0,0.0,0.0
