#I,K_I,K_F,T_KF,Q_inf,Q_1,IK1F,IK2F,IK3F
27791.0,1.5555555555555556,2.0,8.138322222222222,1.0,1.0,12129.0,15662.0,0.0
0.0,0.0,0.0,0.0,0.0,0.0,0.0,0.0,0.0
