#I,K_I,K_F,T_KF,Q_inf,Q_1,IK1F,IK2F,IK3F
14428.0,1.3333333333333333,2.0,6.032450000000001,1.0,1.0,12459.0,1969.0,0.0
0.0,0.0,0.0,0.0,0.0,0.0,0.0,0.0,0.0
