#I,K_I,K_F,T_KF,Q_inf,Q_1,IK1F,IK2F,IK3F
18681.0,1.8333333333333333,2.0,3.0179000000000005,1.0,1.0,15140.0,3541.0,0.0
0.0,0.0,0.0,0.0,0.0,0.0,0.0,0.0,0.0
