#I,K_I,K_F,T_KF,Q_inf,Q_1,IK1F,IK2F,IK3F
27989.0,1.2222222222222223,2.0,10.341011111111111,1.0,1.0,14245.0,13744.0,0.0
0.0,0.0,0.0,0.0,0.0,0.0,0.0,0.0,0.0
