#I,K_I,K_F,T_KF,Q_inf,Q_1,IK1F,IK2F,IK3F
15601.0,1.3333333333333333,2.0,6.096583333333334,1.0,1.0,11377.0,4224.0,0.0
0.0,0.0,0.0,0.0,0.0,0.0,0.0,0.0,0.0
