#I,K_I,K_F,T_KF,Q_inf,Q_1,IK1F,IK2F,IK3F
17666.0,1.3333333333333333,2.0,4.073683333333333,1.0,1.0,13296.0,4370.0,0.0
0.0,0.0,0.0,0.0,0.0,0.0,0.0,0.0,0.0
