#I,K_I,K_F,T_KF,Q_inf,Q_1,IK1F,IK2F,IK3F
27185.0,1.3333333333333333,2.0,6.111055555555556,1.0,1.0,14447.0,12738.0,0.0
0.0,0.0,0.0,0.0,0.0,0.0,0.0,0.0,0.0
