#I,K_I,K_F,T_KF,Q_inf,Q_1,IK1F,IK2F,IK3F
25862.0,1.2222222222222223,2.0,8.363377777777778,1.0,1.0,15468.0,10394.0,0.0
0.0,0.0,0.0,0.0,0.0,0.0,0.0,0.0,0.0
