#I,K_I,K_F,T_KF,Q_inf,Q_1,IK1F,IK2F,IK3F
16925.0,1.2857142857142858,2.0,4.986342857142858,1.0,1.0,13012.0,3913.0,0.0
0.0,0.0,0.0,0.0,0.0,0.0,0.0,0.0,0.0
