#I,K_I,K_F,T_KF,Q_inf,Q_1,IK1F,IK2F,IK3F
15863.0,1.3333333333333333,2.0,9.385000000000002,1.0,1.0,12608.0,3255.0,0.0
0.0,0.0,0.0,0.0,0.0,0.0,0.0,0.0,0.0
