#I,K_I,K_F,T_KF,Q_inf,Q_1,IK1F,IK2F,IK3F
22354.0,1.8333333333333333,2.0,6.145866666666667,1.0,1.0,10134.0,12220.0,0.0
0.0,0.0,0.0,0.0,0.0,0.0,0.0,0.0,0.0
