#I,K_I,K_F,T_KF,Q_inf,Q_1,IK1F,IK2F,IK3F
20132.0,1.3333333333333333,2.0,8.282750000000002,1.0,1.0,11587.0,8545.0,0.0
0.0,0.0,0.0,0.0,0.0,0.0,0.0,0.0,0.0
