#I,K_I,K_F,T_KF,Q_inf,Q_1,IK1F,IK2F,IK3F
16409.0,1.4285714285714286,2.0,4.090628571428572,1.0,1.0,14247.0,2162.0,0.0
0.0,0.0,0.0,0.0,0.0,0.0,0.0,0.0,0.0
