#I,K_I,K_F,T_KF,Q_inf,Q_1,IK1F,IK2F,IK3F
19881.0,1.2857142857142858,2.0,12.39637142857143,1.0,1.0,9782.0,10099.0,0.0
0.0,0.0,0.0,0.0,0.0,0.0,0.0,0.0,0.0
