#I,K_I,K_F,T_KF,Q_inf,Q_1,IK1F,IK2F,IK3F
17887.0,1.4285714285714286,2.0,11.481928571428572,1.0,1.0,14021.0,3866.0,0.0
0.0,0.0,0.0,0.0,0.0,0.0,0.0,0.0,0.0
