#I,K_I,K_F,T_KF,Q_inf,Q_1,IK1F,IK2F,IK3F
25702.0,1.6666666666666667,2.0,9.29258888888889,1.0,1.0,13401.0,12301.0,0.0
0.0,0.0,0.0,0.0,0.0,0.0,0.0,0.0,0.0
